unit_code,unit_name,unit_type,parent_code,is_temp_code
H101000,영일중대학,college,,
H802000,글로벌비즈니스대학,college,,
H810000,글로컬창의융합대학,college,,
H801000,글로벌인문융합대학,college,,
H911000,글로벌IT대학,college,,
H200010,아시아대학,college,,
H300010,사회과학대학,college,,
H400010,상경대학,college,,
H100010,유럽미주대학,college,,
H500010,IT대학,college,,
H500020,디지털미디어·IT대학,college,,
H600010,International College,college,,
HMG0100,G2(영·중)융합학부,department,H101000,
HIB0100,경영학부,department,H802000,
HJF0100,경제금융학과,department,H802000,
HHC0100,경찰정보보호학부,department,H810000,
HII0100,국제무역·마케팅학부,department,H802000,
HJB0100,국제비서학과,department,H802000,
HMI0100,국제학부,department,H810000,
HEG0100,동남아창의융합학부,department,H801000,
HOA0100,러시아·터키중앙아시아학부,department,H801000,
HIA0100,사회복지학과,department,H810000,
HLC0100,스포츠산업학부,department,H810000,
HFG0100,아랍지역학과,department,H801000,
HGC1100,역사관광·외교학부,department,H801000,
HMH0100,영상콘텐츠융합학과,department,H810000,
HAA0100,영어학부,department,H101000,
HBH0100,유럽지역통상학과,department,H801000,
HBF0200,유럽학부,department,H801000,
HFE0100,인도학부,department,H801000,
HCA4100,일본어창의융합학부,department,H101000,
HKJ0100,임베디드IT학부,department,H911000,
HKK0100,전자로봇공학과,department,H911000,
HDA2100,중국학부,department,H101000,
HNA0100,중남미학부,department,H801000,
HKL0100,컴퓨터소프트웨어학부,department,H911000,
HMD0100,파이데이아창의인재학과,department,H801000,
HGF0100,한국어문화학부,department,H801000,
HBA1000,한국어문화학부,department,H200010,
HBH1000,인도학과,department,H200010,
HCE1000,글로벌인재학부,department,H300010,
HCH1000,정보보호학과,department,H300010,
HDB1000,세무회계학과,department,H400010,
HAJ1000,미주비즈니스학과,department,H100010,
HDG1000,호텔·관광·컨벤션학부,department,H400010,
HEC1000,전자로봇공학과,department,H500010,
HAB1000,프랑스어과,department,H100010,
HAE1000,포르투갈(브라질)어과,department,H100010,
HAF1000,이탈리아어과,department,H100010,
HAI1000,유럽지역통상학과,department,H100010,
HBD1000,태국어과,department,H200010,
HBE1000,인도네시아·말레이시아학과,department,H200010,
HBF1000,베트남어과,department,H200010,
HBG1000,미얀마어과,department,H200010,
HBI1000,아랍학과,department,H200010,
HAH1000,터키·중앙아시아어과,department,H100010,
HBQ1000,인도지역통상학과,department,H200010,
HBJ1000,G2융합학과,department,H200010,
HCD1000,국제학부,department,H300010,
TMP-DEP-0001,한국어교육학과 ,department,H200010,1
HCM1000,외교·국제개발학부,department,H300010,
HDA1000,경영학과,department,H400010,
HDL1000,스마트자산경영학과,department,H400010,
HDC1000,국제무역학과,department,H400010,
HDD1000,경제금융학과,department,H400010,
HDE1000,국제비서학과,department,H400010,
HCA1000,영상콘텐츠융합학과,department,H300010,
HEA1000,컴퓨터공학과,department,H500010,
HED1000,빅데이터학과,department,H500010,
HEI1000,인공지능융합학과,department,H500010,
HEB1000,소프트웨어학부,department,H500010,
HCN1000,스마트융합보안학과,department,H300010,
HAC1000,독일어과,department,H100010,
HAD1000,스페인어과,department,H100010,
HAL1000,유럽학부,department,H100010,
HAG1000,러시아학과,department,H100010,
HBR1000,아세안학부,department,H200010,
HBS1000,중동학부,department,H200010,
HBT1000,국제문화비즈니스학부,department,H200010,
HCB1000,사회복지학과,department,H300010,
HCC1000,상담심리학과,department,H300010,
HCO1000,국제학부,department,H300010,
HCF1000,경찰행정학과,department,H300010,
HCG1000,사이버경찰학과,department,H300010,
HCI1000,사회체육학과,department,H300010,
HCJ1000,스포츠재활학과,department,H300010,
HDO1000,경영학부,department,H400010,
HDM1000,국제마케팅학과,department,H400010,
HDP1000,국제무역·경제금융학부,department,H400010,
HDF1000,항공서비스학과,department,H400010,
HDN1000,호텔·관광학부,department,H400010,
HEA2000,영상콘텐츠융합학과,department,H500020,
HEB2000,글로벌웹툰콘텐츠학과,department,H500020,
HEC2000,컴퓨터공학부,department,H500020,
HED2000,소프트웨어학부,department,H500020,
HEE2000,전자로봇·보안학부,department,H500020,
TMP-DEP-0002,글로벌인재융합전공,department,H300010,1
HBS1100,터키어전공,department,H200010,
HDE1100,국제비서사무전공,department,H400010,
HAA1000,영어학부,department,H100010,
HBB1000,일본어융합학부,department,H200010,
HBC1000,중국학부,department,H200010,
HBP1000,한국어교육학과,department,H200010,
HCP1000,글로벌미래융합학부,department,H300010,
HAC1100,독일어전공,department,H100010,
HAD1100,스페인어전공,department,H100010,
HAB1100,프랑스어전공,department,H100010,
HAE1100,포르투갈(브라질)어전공,department,H100010,
HAF1100,이탈리아어전공,department,H100010,
HAI1100,유럽지역통상전공,department,H100010,
HAG1100,러시아어전공,department,H100010,
HBD1100,태국어전공,department,H200010,
HBE1100,인도네시아·말레이시아전공,department,H200010,
HBF1100,베트남어전공,department,H200010,
HBG1100,미얀마어전공,department,H200010,
HBH1100,인도어전공,department,H200010,
HBI1100,아랍전공,department,H200010,
HCT1100,글로벌문화비즈니스전공,department,H300010,
HCB1100,사회복지전공,department,H300010,
HCC1100,상담심리전공,department,H300010,
HCO1200,한국어교육전공,department,H300010,
HCO1300,국제개발협력전공,department,H300010,
HCO1400,외교전공,department,H300010,
HCF1100,경찰행정전공,department,H300010,
HCG1100,사이버경찰전공,department,H300010,
HCR1000,사회체육전공,department,H300010,
HCQ1000,스포츠재활전공,department,H300010,
HDA1200,경영전공,department,H400010,
HDB1100,회계전공,department,H400010,
HDM1100,국제마케팅전공,department,H400010,
HDC1100,국제무역전공,department,H400010,
HDD1100,경제금융전공,department,H400010,
HDQ1000,항공서비스전공,department,H400010,
HDN1100,국제문화관광전공,department,H400010,
HDN1200,호텔·컨벤션전공,department,H400010,
HEA2100,영상콘텐츠융합전공,department,H500020,
HEB2100,글로벌웹툰콘텐츠전공,department,H500020,
HEC2100,컴퓨터공학전공,department,H500020,
HEH2100,빅데이터전공,department,H500020,
HED2100,소프트웨어전공,department,H500020,
HEE2200,전자·인공지능융합전공,department,H500020,
HEE2100,스마트융합보안전공,department,H500020,
HEN1000,스마트에너지·환경전공,department,H500020,
HCS1000,시민영어교육학과,department,H300010,
HGA1000,K문화교육전공,department,H600010,
HGB1000,Global Studies(영어코스),department,H600010,
HBS1200,튀르키예어전공,department,H200010,
HDE1200,국제사무전공,department,H400010,
TMP-DPT-0004,글로벌창업융합전공,department,H400010,1
HIB0101,경영전공,major,HIB0100,
HIB0102,회계전공,major,HIB0100,
HHC0102,경찰행정전공,major,HHC0100,
HHC0103,사이버경찰전공,major,HHC0100,
HHC0101,정보보호전공,major,HHC0100,
HII0102,국제마케팅전공,major,HII0100,
HII0101,국제무역전공,major,HII0100,
HOA0101,러시아언어통상전공,major,HOA0100,
HOA0102,터키·중앙아시아어전공,major,HOA0100,
HLC0102,스포츠산업전공,major,HLC0100,
HLC0101,사회체육전공,major,HLC0100,
HGC1101,역사관광전공,major,HGC1100,
HGC1102,외교전공,major,HGC1100,
HBF0204,프랑스언어문화전공,major,HBF0200,
HBF0203,독일언어문화전공,major,HBF0200,
HBF0205,이탈리아언어문화전공,major,HBF0200,
HFE0103,인도언어문화전공,major,HFE0100,
HFE0102,인도지역통상전공,major,HFE0100,
HDA2105,중국어전공,major,HDA2100,
HDA2103,중국지역통상전공,major,HDA2100,
HNA0101,스페인어전공,major,HNA0100,
HNA0102,포르투갈어전공,major,HNA0100,
HBA1010,한국어교육전공,major,HBA1000,
HBA1020,한국언어문화전공,major,HBA1000,
HCE1010,외교전공,major,HCE1000,
HCE1020,국제개발협력전공,major,HCE1000,
HDG1010,국제문화관광전공,major,HDG1000,
HDG1020,호텔·컨벤션전공,major,HDG1000,
HCM1020,국제개발협력전공,major,HCM1000,
HCM1010,외교전공,major,HCM1000,
HEB1010,소프트웨어전공,major,HEB1000,
HEB1020,사물인터넷(IoT)전공,major,HEB1000,
HAL1010,프랑스어전공,major,HAL1000,
HAL1020,포르투갈(브라질)어전공,major,HAL1000,
HAL1030,이탈리아어전공,major,HAL1000,
HAL1040,유럽지역통상전공,major,HAL1000,
HBR1010,태국어전공,major,HBR1000,
HBR1020,인도네시아·말레이시아전공,major,HBR1000,
HBR1030,베트남어전공,major,HBR1000,
HBR1040,미얀마어전공,major,HBR1000,
HBR1050,인도어전공,major,HBR1000,
HBS1010,아랍전공,major,HBS1000,
HBS1020,터키어전공,major,HBS1000,
HBT1010,인도지역통상전공,major,HBT1000,
HBT1020,G2(미·중)문화비즈니스전공,major,HBT1000,
HCO1010,글로벌자율전공,major,HCO1000,
HCO1020,글로벌한국학전공,major,HCO1000,
HCO1030,외교전공,major,HCO1000,
HDO1010,경영전공,major,HDO1000,
HDO1020,회계전공,major,HDO1000,
HDP1010,국제무역전공,major,HDP1000,
HDP1020,경제금융전공,major,HDP1000,
HDN1010,국제문화관광전공,major,HDN1000,
HDN1020,호텔·컨벤션전공,major,HDN1000,
HDN1030,국제비서전공,major,HDN1000,
HEC2010,컴퓨터공학전공,major,HEC2000,
HEC2020,빅데이터전공,major,HEC2000,
HED2010,소프트웨어전공,major,HED2000,
HED2020,사물인터넷(IoT)전공,major,HED2000,
HEE2010,전자로봇전공,major,HEE2000,
HEE2020,스마트융합보안전공,major,HEE2000,
HAA1010,영어전공,major,HAA1000,
HAA1020,영어통번역전공,major,HAA1000,
HBB1010,한일문화콘텐츠전공,major,HBB1000,
HBB1020,비즈니스일본어전공,major,HBB1000,
HBB1030,일본IT전공,major,HBB1000,
HBC1010,중국어전공,major,HBC1000,
HBC1020,중국지역통상전공,major,HBC1000,
H100000,유럽미주대학,college,,
H200000,아시아대학,college,,
H900000,만오교양대학,college,,
HAK1000,영어학부,department,H100010,
HFA0100,아랍어과,department,H200000,
HBC2000,중국학부,department,H200010,
HBK1000,일본어창의융합학부,department,H200010,
HBL1000,G2(영·중)융합학부,department,H200010,
HBM1000,동남아창의융합학부,department,H200010,
HBN1000,한국어문화학부,department,H200010,
HCK1000,스포츠산업학부,department,H300010,
HCL1000,파이데이아창의인재학과,department,H300010,
HCQ2000,스포츠재활전공,department,H300010,
HCR2000,사회체육전공,department,H300010,
HDH1000,국제무역·마케팅학부,department,H400010,
HDQ2000,항공서비스전공,department,H400010,
HEE1000,컴퓨터소프트웨어학부,department,H500010,
HEF1000,임베디드IT학부,department,H500010,
HEF2000,컴퓨터공학과,department,H500020,
HEG2000,전자로봇공학과,department,H500020,
HEH2000,빅데이터학과,department,H500020,
HEI2000,컴퓨터소프트웨어학부,department,H500020,
HEJ2000,임베디드IT학부,department,H500020,
HEM2000,인공지능융합학과,department,H500020,
HGC1000,International College,department,H600010,
HFA1000,글로벌자유전공학부,department,H900000,
HDH1010,국제마케팅전공,major,HDH1000,
HCK1020,스포츠산업전공,major,HCK1000,
HCK1010,사회체육전공,major,HCK1000,
HBC2010,중국어전공,major,HBC2000,
HAA2000,영어학부,department,H100010,
HBB2000,일본어융합학부,department,H200010,
HBC2020,중국지역통상전공,major,HBC2000,
HBB2030,일본IT전공,major,HBB2000,
HBB2020,비즈니스일본어전공,major,HBB2000,
HBB2010,한일문화콘텐츠전공,major,HBB2000,
HAA2020,영어통번역전공,major,HAA2000,
HAA2010,영어전공,major,HAA2000,
TMP-DPT-0005,소프트웨어·정보보안전공,department,H500020,1
TMP-DPT-0006,AI빅데이터전공,department,H500020,1
TMP-DPT-0007,운동재활·사회복지학과,department,H300010,1
TMP-DEP-0003,중동·지중해지역학부,department,H801000,1
