relation_id,change_year,prev_college_code,prev_dept_code,prev_major_code,after_college_code,after_dept_code,after_major_code,change_type,valid_until,note
1,2021,H101000,HMG0100,,H200010,HBJ1000,,renewed,2023,
2,2021,H802000,HIB0100,HIB0101,H400010,HDA1000,,revised,,
3,2021,H802000,HIB0100,HIB0102,H400010,HDB1000,,revised,,
4,2021,H802000,HJF0100,,H400010,HDD1000,,revised,,
5,2021,H810000,HHC0100,HHC0102,H300010,HCF1000,,revised,,
6,2021,H810000,HHC0100,HHC0103,H300010,HCG1000,,revised,,
7,2021,H810000,HHC0100,HHC0101,H300010,HCH1000,,revised,,
8,2021,H802000,HII0100,HII0102,H100010,HAJ1000,,closed,2023,
9,2021,H802000,HII0100,HII0101,H400010,HDC1000,,revised,,
10,2021,H802000,HJB0100,,H400010,HDE1000,,revised,,
11,2021,H810000,HMI0100,,H300010,HCD1000,,revised,,
12,2021,H801000,HEG0100,,H200010,HBD1000,,splitted,2023,
13,2021,H801000,HEG0100,,H200010,HBE1000,,splitted,2023,
14,2021,H801000,HEG0100,,H200010,HBF1000,,splitted,2023,
15,2021,H801000,HEG0100,,H200010,HBG1000,,splitted,2023,
16,2021,H801000,HOA0100,HOA0101,H100010,HAG1000,,revised,,
17,2021,H801000,HOA0100,HOA0102,H100010,HAH1000,,revised,,
18,2021,H810000,HIA0100,,H300010,HCB1000,,revised,,
19,2021,H810000,HLC0100,HLC0102,H300010,HCI1000,,closed,2023,
20,2021,H810000,HLC0100,HLC0101,H300010,HCI1000,,renewed,2023,
21,2021,H801000,HFG0100,,H200010,HBI1000,,revised,,
22,2021,H801000,HGC1100,HGC1101,H400010,HDG1000,HDG1010,revised,,
23,2021,H801000,HGC1100,HGC1102,H300010,HCE1000,HCE1010,revised,,
24,2021,H810000,HMH0100,,H300010,HCA1000,,revised,,
25,2021,H101000,HAA0100,,H100010,HAA1000,HAA1010,splitted,2023,
26,2021,H101000,HAA0100,,H100010,HAA1000,HAA1020,splitted,2023,
27,2021,H801000,HBH0100,,H100010,HAI1000,,revised,,
28,2021,H801000,HBF0200,HBF0204,H100010,HAB1000,,revised,,
29,2021,H801000,HBF0200,HBF0203,H100010,HAC1000,,revised,,
30,2021,H801000,HBF0200,HBF0205,H100010,HAF1000,,revised,,
31,2021,H801000,HFE0100,HFE0103,H200010,HBH1000,,splitted,2023,
32,2021,H801000,HFE0100,HFE0102,H200010,HBH1000,,splitted,2023,
33,2021,H101000,HCA4100,,H200010,HBB1000,HBB1010,splitted,2023,
34,2021,H101000,HCA4100,,H200010,HBB1000,HBB1020,splitted,2023,
35,2021,H101000,HCA4100,,H200010,HBB1000,HBB1030,splitted,2023,
36,2021,H911000,HKJ0100,,H500010,HEB1000,HEB1010,splitted,2023,
37,2021,H911000,HKJ0100,,H500010,HEB1000,HEB1020,splitted,2023,
38,2021,H911000,HKK0100,,H500010,HEC1000,,revised,,
39,2021,H101000,HDA2100,HDA2105,H200010,HBC1000,HBC1010,revised,,
40,2021,H101000,HDA2100,HDA2103,H200010,HBC1000,HBC1020,revised,,
41,2021,H801000,HNA0100,HNA0101,H100010,HAD1000,,revised,,
42,2021,H801000,HNA0100,HNA0102,H100010,HAE1000,,revised,,
43,2021,H911000,HKL0100,,H500010,HEA1000,,splitted,2023,
44,2021,H911000,HKL0100,,H500010,HED1000,,splitted,2023,
45,2021,H801000,HMD0100,,,,,closed,9999,
46,2021,H801000,HGF0100,,H200010,HBA1000,HBA1010,splitted,2023,
47,2021,H801000,HGF0100,,H200010,HBA1000,HBA1020,splitted,2023,
48,2021,,,,H300010,HCE1000,HCE1020,created,,
49,2021,,,,H300010,HCJ1000,,created,,
50,2021,,,,H400010,HDF1000,,created,,
51,2021,,,,H300010,HCC1000,,created,,
52,2021,,,,H400010,HDG1000,HDG1020,created,,
53,2022,H200010,HBA1000,HBA1010,H200010,HBP1000,,merged,2024,
54,2022,H200010,HBA1000,HBA1020,H200010,HBP1000,,merged,2024,
55,2022,H200010,HBH1000,,H200010,HBQ1000,,revised,,
56,2022,H300010,HCE1000,HCE1010,H300010,HCM1000,HCM1010,revised,,
57,2022,H300010,HCE1000,HCE1020,H300010,HCM1000,HCM1020,revised,,
58,2022,H300010,HCH1000,,H300010,HCN1000,,revised,,
59,2022,H400010,HDB1000,,H400010,HDL1000,,renewed,2024,
60,2022,H100010,HAJ1000,,H400010,HDM1000,,revised,,
61,2022,H400010,HDG1000,HDG1010,H400010,HDN1000,HDN1010,revised,,
62,2022,H400010,HDG1000,HDG1020,H400010,HDN1000,HDN1020,revised,,
63,2022,H500010,HEC1000,,H500010,HEI1000,,renewed,2024,
64,2023,H100010,HAB1000,,H100010,HAL1000,HAL1010,renewed,2025,
65,2023,H100010,HAE1000,,H100010,HAL1000,HAL1020,renewed,2025,
66,2023,H100010,HAF1000,,H100010,HAL1000,HAL1030,renewed,2025,
67,2023,H100010,HAI1000,,H100010,HAL1000,HAL1040,renewed,2025,
68,2023,H200010,HBD1000,,H200010,HBR1000,HBR1010,renewed,2025,
69,2023,H200010,HBE1000,,H200010,HBR1000,HBR1020,renewed,2025,
70,2023,H200010,HBF1000,,H200010,HBR1000,HBR1030,renewed,2025,
71,2023,H200010,HBG1000,,H200010,HBR1000,HBR1040,renewed,2025,
72,2023,,,,H200010,HBR1000,HBR1050,created,,
73,2023,H200010,HBI1000,,H200010,HBS1000,HBS1010,renewed,2025,
74,2023,H100010,HAH1000,,H200010,HBS1000,HBS1020,renewed,2025,
75,2023,H200010,HBQ1000,,H200010,HBT1000,HBT1010,renewed,2025,
76,2023,H200010,HBJ1000,,H200010,HBT1000,HBT1020,renewed,2025,
77,2023,H300010,HCD1000,,H300010,HCO1000,HCO1010,renewed,2025,
78,2023,H200010,TMP-DEP-0001,,H300010,HCO1000,HCO1020,renewed,2025,
79,2023,H300010,HCM1000,HCM1020,H300010,HCO1000,HCO1020,renewed,2025,
80,2023,H300010,HCM1000,HCM1010,H300010,HCO1000,HCO1030,renewed,2025,
81,2023,,,,H300010,HCP1000,,created,,
82,2023,H400010,HDA1000,,H400010,HDO1000,HDO1010,renewed,2025,
83,2023,H400010,HDL1000,,H400010,HDO1000,HDO1020,renewed,2025,
84,2023,H400010,HDC1000,,H400010,HDP1000,HDP1010,renewed,2025,
85,2023,H400010,HDD1000,,H400010,HDP1000,HDP1020,renewed,2025,
86,2023,H400010,HDE1000,,H400010,HDN1000,HDN1030,renewed,2025,
87,2023,H300010,HCA1000,,H500020,HEA2000,,revised,,
88,2023,,,,H500020,HEB2000,,created,,
89,2023,H500010,HEA1000,,H500020,HEC2000,HEC2010,renewed,2025,
90,2023,H500010,HED1000,,H500020,HEC2000,HEC2020,renewed,2025,
91,2023,H500010,HEI1000,,H500020,HEE2000,HEE2010,renewed,2025,
92,2023,H500010,HEB1000,HEB1010,H500020,HED2000,HED2010,revised,,
93,2023,H500010,HEB1000,HEB1020,H500020,HED2000,HED2020,revised,,
94,2023,H300010,HCN1000,,H500020,HEE2000,HEE2020,renewed,2025,
95,2024,H100010,HAC1000,,H100010,HAC1100,,renewed,2026,
96,2024,H100010,HAD1000,,H100010,HAD1100,,renewed,2026,
97,2024,H100010,HAL1000,HAL1010,H100010,HAB1100,,renewed,2026,
98,2024,H100010,HAL1000,HAL1020,H100010,HAE1100,,renewed,2026,
99,2024,H100010,HAL1000,HAL1030,H100010,HAF1100,,renewed,2026,
100,2024,H100010,HAL1000,HAL1040,H100010,HAI1100,,renewed,2026,
101,2024,H100010,HAG1000,,H100010,HAG1100,,renewed,2026,
102,2024,H200010,HBR1000,HBR1010,H200010,HBD1100,,renewed,2026,
103,2024,H200010,HBR1000,HBR1020,H200010,HBE1100,,renewed,2026,
104,2024,H200010,HBR1000,HBR1030,H200010,HBF1100,,renewed,2026,
105,2024,H200010,HBR1000,HBR1040,H200010,HBG1100,,renewed,2026,
106,2024,H200010,HBR1000,HBR1050,H200010,HBH1100,,renewed,2026,
107,2024,H200010,HBS1000,HBS1010,H200010,HBI1100,,renewed,2026,
108,2024,H200010,HBS1000,HBS1020,H200010,HBS1100,,renewed,2026,
109,2024,H200010,HBT1000,HBT1010,H300010,HCT1100,,merged,2026,
110,2024,H200010,HBT1000,HBT1020,H300010,HCT1100,,merged,2026,
111,2024,H300010,HCB1000,,H300010,HCB1100,,renewed,2026,
112,2024,H300010,HCC1000,,H300010,HCC1100,,renewed,2026,
113,2024,H300010,HCO1000,HCO1010,H300010,TMP-DEP-0002,,renewed,2026,
114,2024,H300010,HCO1000,HCO1020,H300010,HCO1200,,splitted,2026,
115,2024,H300010,HCO1000,HCO1020,H300010,HCO1300,,splitted,2026,
116,2024,H300010,HCO1000,HCO1030,H300010,HCO1400,,renewed,2026,
117,2024,H300010,HCF1000,,H300010,HCF1100,,renewed,2026,
118,2024,H300010,HCG1000,,H300010,HCG1100,,renewed,2026,
119,2024,H300010,HCI1000,,H300010,HCR1000,,renewed,2026,
120,2024,H300010,HCJ1000,,H300010,HCQ1000,,renewed,2026,
121,2024,H400010,HDO1000,HDO1010,H400010,HDA1200,,renewed,2026,
122,2024,H400010,HDO1000,HDO1020,H400010,HDB1100,,renewed,2026,
123,2024,H400010,HDM1000,,H400010,HDM1100,,renewed,2026,
124,2024,H400010,HDP1000,HDP1010,H400010,HDC1100,,renewed,2026,
125,2024,H400010,HDP1000,HDP1020,H400010,HDD1100,,renewed,2026,
126,2024,H400010,HDF1000,,H400010,HDQ1000,,renewed,2026,
127,2024,H400010,HDN1000,HDN1010,H400010,HDN1100,,renewed,2026,
128,2024,H400010,HDN1000,HDN1020,H400010,HDN1200,,renewed,2026,
129,2024,H400010,HDN1000,HDN1030,H400010,HDE1100,,renewed,2026,
130,2024,H500020,HEA2000,,H500020,HEA2100,,renewed,2026,
131,2024,H500020,HEB2000,,H500020,HEB2100,,renewed,2026,
132,2024,H500020,HEC2000,HEC2010,H500020,HEC2100,,renewed,2026,
133,2024,H500020,HEC2000,HEC2020,H500020,HEH2100,,renewed,2026,
134,2024,H500020,HED2000,HED2010,H500020,HED2100,,renewed,2026,
135,2024,H500020,HED2000,HED2020,H500020,HED2100,,renewed,2026,
136,2024,H500020,HEE2000,HEE2010,H500020,HEE2200,,renewed,2026,
137,2024,H500020,HEE2000,HEE2020,H500020,HEE2100,,renewed,2026,
138,2024,,,,H500020,HEN1000,,created,,
139,2024,,,,H300010,HCS1000,,created,,
140,2025,H300010,TMP-DEP-0002,,H600010,HGA1000,,splitted,2026,
141,2025,H300010,TMP-DEP-0002,,H600010,HGB1000,,splitted,2026,
142,2026,H200010,HBS1100,,H200010,HBS1200,,revised,,
143,2026,H400010,HDE1100,,H400010,HDE1200,,renewed,2027,
144,2026,,,,H400010,TMP-DPT-0004,,created,,
145,2027,H500020,HED2100,,H500020,TMP-DPT-0005,,merged,2029,2026학번은 전공 선택 시점(2027년)부터 유예 없이 곧바로 신 명칭으로 배정됨
146,2027,H500020,HEE2100,,H500020,TMP-DPT-0005,,merged,2029,2026학번은 전공 선택 시점(2027년)부터 유예 없이 곧바로 신 명칭으로 배정됨
147,2027,H500020,HEH2100,,H500020,TMP-DPT-0006,,renewed,2029,2026학번은 전공 선택 시점(2027년)부터 유예 없이 곧바로 신 명칭으로 배정됨
148,2027,H300010,HCP1000,,H300010,TMP-DPT-0007,,revised,2030,
149,2017,H200000,HFA0100,,H801000,TMP-DEP-0003,,renewed,2020,
150,2018,H801000,TMP-DEP-0003,,H801000,HFG0100,,revised,,
